1stFlrSF,2ndFlrSF,BedroomAbvGr,BsmtExposure,BsmtFinSF1,BsmtFinType1,BsmtUnfSF,EnclosedPorch,GarageArea,GarageFinish,GarageYrBlt,GrLivArea,KitchenQual,LotArea,LotFrontage,MasVnrArea,OpenPorchSF,OverallCond,OverallQual,TotalBsmtSF,WoodDeckSF,YearBuilt,YearRemodAdd
896,0,2,No,468.0,Rec,270.0,0,730.0,Unf,1961.0,896,TA,11622,80.0,0.0,0,6,5,882.0,140,1961,1961
1329,0,3,No,923.0,ALQ,406.0,0,312.0,Unf,1958.0,1329,Gd,14267,81.0,108.0,36,6,6,1329.0,393,1958,1958
928,701,3,No,791.0,GLQ,137.0,0,482.0,Fin,1997.0,1629,TA,13830,74.0,0.0,34,5,5,928.0,212,1997,1998
926,678,3,No,602.0,GLQ,324.0,0,470.0,Fin,1998.0,1604,Gd,9978,78.0,20.0,36,6,6,926.0,360,1998,1998
